Value,Description
CanalsEnhanced,Canals
CanalsEnhanced,Ditches
CanalsEnhanced,Other rivers and streams
CanalsEnhanced,Priority habitat
CanalsCreated,N/A
CanalsRetained,Canals
CulvertEnhanced,Canals
CulvertEnhanced,Ditches
CulvertEnhanced,Other rivers and streams
CulvertEnhanced,Priority habitat
CulvertCreated,N/A
CulvertRetained,Culvert
DitchesEnhanced,Canals
DitchesEnhanced,Ditches
DitchesEnhanced,Other rivers and streams
DitchesEnhanced,Priority habitat
DitchesCreated,N/A
DitchesRetained,Ditches
Other rivers and streamsEnhanced,Canals
Other rivers and streamsEnhanced,Ditches
Other rivers and streamsEnhanced,Other rivers and streams
Other rivers and streamsEnhanced,Priority habitat
Other rivers and streamsCreated,N/A
Other rivers and streamsRetained,Other rivers and streams
Priority habitatEnhanced,Canals
Priority habitatEnhanced,Ditches
Priority habitatEnhanced,Other rivers and streams
Priority habitatEnhanced,Priority habitat
Priority habitatCreated,N/A
Priority habitatRetained,Priority habitat
To be createdCreated,Canals
To be createdCreated,Culvert
To be createdCreated,Ditches
To be createdCreated,Other rivers and streams
To be createdCreated,Priority habitat
